{"cameraMode":{"drawMode":0,"name":"Shaded","section":"Shading Mode"},"sceneLighting":true,"audioPlay":false,"sceneViewState":{"m_AlwaysRefresh":false,"showFog":true,"showSkybox":true,"showFlares":true,"showImageEffects":true,"showParticleSystems":true,"showVisualEffectGraphs":true,"m_FxEnabled":true},"in2DMode":false,"pivot":{"x":-53.78921127319336,"y":0.41488540172576907,"z":1.2898879051208497},"rotation":{"x":-0.05725248157978058,"y":0.9068191051483154,"z":-0.39713868498802187,"w":-0.13032542169094087},"size":19.891263961791993,"orthographic":false}