{"cameraMode":{"drawMode":0,"name":"Shaded","section":"Shading Mode"},"sceneLighting":true,"audioPlay":false,"sceneViewState":{"m_AlwaysRefresh":false,"showFog":true,"showSkybox":true,"showFlares":true,"showImageEffects":true,"showParticleSystems":true,"showVisualEffectGraphs":true,"m_FxEnabled":true},"in2DMode":false,"pivot":{"x":-28.434986114501954,"y":1.5134930610656739,"z":11.22350788116455},"rotation":{"x":0.0003351322084199637,"y":-0.9237150549888611,"z":0.3832753002643585,"w":0.0005175062105990946},"size":6.37311315536499,"orthographic":false}