{"cameraMode":{"drawMode":0,"name":"Shaded","section":"Shading Mode"},"sceneLighting":true,"audioPlay":false,"sceneViewState":{"m_AlwaysRefresh":false,"showFog":true,"showSkybox":true,"showFlares":true,"showImageEffects":true,"showParticleSystems":true,"showVisualEffectGraphs":true,"m_FxEnabled":true},"in2DMode":false,"pivot":{"x":-28.842029571533204,"y":-10.598432540893555,"z":4.070795059204102},"rotation":{"x":-0.00028564335661940277,"y":-0.9886726140975952,"z":0.15125524997711183,"w":-0.004799462854862213},"size":30.46956443786621,"orthographic":false}