{"cameraMode":{"drawMode":0,"name":"Shaded","section":"Shading Mode"},"sceneLighting":true,"audioPlay":false,"sceneViewState":{"m_AlwaysRefresh":false,"showFog":true,"showSkybox":true,"showFlares":true,"showImageEffects":true,"showParticleSystems":true,"showVisualEffectGraphs":true,"m_FxEnabled":true},"in2DMode":false,"pivot":{"x":-26.483684539794923,"y":-13.128292083740235,"z":-4.675323486328125},"rotation":{"x":-0.004009193275123835,"y":0.9503176808357239,"z":-0.31156083941459658,"w":-0.011641189455986023},"size":19.065227508544923,"orthographic":false}