{"cameraMode":{"drawMode":0,"name":"Shaded","section":"Shading Mode"},"sceneLighting":true,"audioPlay":false,"sceneViewState":{"m_AlwaysRefresh":false,"showFog":true,"showSkybox":true,"showFlares":true,"showImageEffects":true,"showParticleSystems":true,"showVisualEffectGraphs":true,"m_FxEnabled":true},"in2DMode":false,"pivot":{"x":-30.331565856933595,"y":-3.995678663253784,"z":5.567716598510742},"rotation":{"x":0.00027959226281382143,"y":0.9283183217048645,"z":-0.3721916973590851,"w":0.0011705500073730946},"size":8.52463436126709,"orthographic":false}