{"cameraMode":{"drawMode":0,"name":"Shaded","section":"Shading Mode"},"sceneLighting":true,"audioPlay":false,"sceneViewState":{"m_AlwaysRefresh":false,"showFog":true,"showSkybox":true,"showFlares":true,"showImageEffects":true,"showParticleSystems":true,"showVisualEffectGraphs":true,"m_FxEnabled":true},"in2DMode":false,"pivot":{"x":-29.843978881835939,"y":1.3069303035736085,"z":13.520795822143555},"rotation":{"x":-0.050867822021245959,"y":-0.9489437937736511,"z":0.2310340404510498,"w":-0.209119975566864},"size":3.5055577754974367,"orthographic":false}