{"cameraMode":{"drawMode":0,"name":"Shaded","section":"Shading Mode"},"sceneLighting":false,"audioPlay":false,"sceneViewState":{"m_AlwaysRefresh":false,"showFog":true,"showSkybox":false,"showFlares":true,"showImageEffects":true,"showParticleSystems":true,"showVisualEffectGraphs":true,"m_FxEnabled":true},"in2DMode":false,"pivot":{"x":-30.360000610351564,"y":0.6899999976158142,"z":7.159999847412109},"rotation":{"x":-0.00006105322245275602,"y":-0.9951677918434143,"z":0.0991549864411354,"w":-0.0008923170389607549},"size":0.5417781472206116,"orthographic":false}