{"cameraMode":{"drawMode":0,"name":"Shaded","section":"Shading Mode"},"sceneLighting":false,"audioPlay":false,"sceneViewState":{"m_AlwaysRefresh":false,"showFog":true,"showSkybox":false,"showFlares":true,"showImageEffects":true,"showParticleSystems":true,"showVisualEffectGraphs":true,"m_FxEnabled":true},"in2DMode":false,"pivot":{"x":-28.26921272277832,"y":0.17791500687599183,"z":-7.365617752075195},"rotation":{"x":0.00027959226281382143,"y":0.9283183217048645,"z":-0.3721916973590851,"w":0.0011705500073730946},"size":49.23215103149414,"orthographic":false}